2021-02-50 12:42:46,INFO,Istanbul,Hello-from-Istanbul
2021-02-50 12:42:46,WARN,London,Hello-from-London
2021-02-50 12:42:46,FATAL,Istanbul,Hello-from-Istanbul
2021-02-50 12:42:46,DEBUG,Istanbul,Hello-from-Istanbul
2021-02-50 12:42:46,ERROR,Istanbul,Hello-from-Istanbul
2021-02-50 12:42:48,INFO,London,Hello-from-London
2021-02-50 12:42:48,WARN,London,Hello-from-London
2021-02-50 12:42:48,FATAL,Tokyo,Hello-from-Tokyo
2021-02-50 12:42:48,DEBUG,Moscow,Hello-from-Moscow
2021-02-50 12:42:48,ERROR,Tokyo,Hello-from-Tokyo
2021-02-50 12:42:49,INFO,Moscow,Hello-from-Moscow
2021-02-50 12:42:49,WARN,Istanbul,Hello-from-Istanbul
2021-02-50 12:42:49,FATAL,Moscow,Hello-from-Moscow
2021-02-50 12:42:49,DEBUG,London,Hello-from-London
2021-02-50 12:42:49,ERROR,London,Hello-from-London
2021-02-50 12:42:51,INFO,Istanbul,Hello-from-Istanbul
2021-02-50 12:42:51,WARN,Beijing,Hello-from-Beijing
2021-02-50 12:42:51,FATAL,Tokyo,Hello-from-Tokyo
2021-02-50 12:42:51,DEBUG,Moscow,Hello-from-Moscow
2021-02-50 12:42:51,ERROR,Beijing,Hello-from-Beijing
2021-02-50 12:42:52,INFO,London,Hello-from-London
2021-02-50 12:42:52,WARN,Tokyo,Hello-from-Tokyo
2021-02-50 12:42:52,FATAL,London,Hello-from-London
2021-02-50 12:42:52,DEBUG,London,Hello-from-London
2021-02-50 12:42:52,ERROR,Istanbul,Hello-from-Istanbul
2021-02-50 12:42:54,INFO,London,Hello-from-London
2021-02-50 12:42:54,WARN,Moscow,Hello-from-Moscow
2021-02-50 12:42:54,FATAL,Tokyo,Hello-from-Tokyo
2021-02-50 12:42:54,DEBUG,Beijing,Hello-from-Beijing
2021-02-50 12:42:54,ERROR,Tokyo,Hello-from-Tokyo
2021-02-50 12:42:55,INFO,Moscow,Hello-from-Moscow
2021-02-50 12:42:55,WARN,Beijing,Hello-from-Beijing
2021-02-50 12:42:55,FATAL,London,Hello-from-London
2021-02-50 12:42:55,DEBUG,Tokyo,Hello-from-Tokyo
2021-02-50 12:42:55,ERROR,Istanbul,Hello-from-Istanbul
2021-02-50 12:42:57,INFO,Tokyo,Hello-from-Tokyo
2021-02-50 12:42:57,WARN,Moscow,Hello-from-Moscow
2021-02-50 12:42:57,FATAL,Istanbul,Hello-from-Istanbul
2021-02-50 12:42:57,DEBUG,Tokyo,Hello-from-Tokyo
2021-02-50 12:42:57,ERROR,Istanbul,Hello-from-Istanbul
2021-02-50 12:42:58,INFO,London,Hello-from-London
2021-02-50 12:42:58,WARN,Istanbul,Hello-from-Istanbul
2021-02-50 12:42:58,FATAL,Tokyo,Hello-from-Tokyo
2021-02-50 12:42:58,DEBUG,London,Hello-from-London
2021-02-50 12:42:58,ERROR,Istanbul,Hello-from-Istanbul
2021-02-50 12:43:00,INFO,Tokyo,Hello-from-Tokyo
2021-02-50 12:43:00,WARN,Istanbul,Hello-from-Istanbul
2021-02-50 12:43:00,FATAL,London,Hello-from-London
2021-02-50 12:43:00,DEBUG,London,Hello-from-London
2021-02-50 12:43:00,ERROR,Tokyo,Hello-from-Tokyo
2021-02-50 12:43:01,INFO,Istanbul,Hello-from-Istanbul
2021-02-50 12:43:01,WARN,Moscow,Hello-from-Moscow
2021-02-50 12:43:01,FATAL,Beijing,Hello-from-Beijing
2021-02-50 12:43:01,DEBUG,Beijing,Hello-from-Beijing
2021-02-50 12:43:01,ERROR,Moscow,Hello-from-Moscow
2021-02-50 12:43:03,INFO,London,Hello-from-London
2021-02-50 12:43:03,WARN,London,Hello-from-London
2021-02-50 12:43:03,FATAL,Istanbul,Hello-from-Istanbul
2021-02-50 12:43:03,DEBUG,Beijing,Hello-from-Beijing
2021-02-50 12:43:03,ERROR,Tokyo,Hello-from-Tokyo
2021-02-50 12:43:04,INFO,Istanbul,Hello-from-Istanbul
2021-02-50 12:43:04,WARN,Istanbul,Hello-from-Istanbul
2021-02-50 12:43:04,FATAL,Moscow,Hello-from-Moscow
2021-02-50 12:43:04,DEBUG,Beijing,Hello-from-Beijing
2021-02-50 12:43:04,ERROR,Beijing,Hello-from-Beijing
2021-02-50 12:43:06,INFO,Istanbul,Hello-from-Istanbul
2021-02-50 12:43:06,WARN,Moscow,Hello-from-Moscow
2021-02-50 12:43:06,FATAL,Istanbul,Hello-from-Istanbul
2021-02-50 12:43:06,DEBUG,London,Hello-from-London
2021-02-50 12:43:06,ERROR,Moscow,Hello-from-Moscow
2021-02-50 12:43:07,INFO,Moscow,Hello-from-Moscow
2021-02-50 12:43:07,WARN,London,Hello-from-London
2021-02-50 12:43:07,FATAL,Moscow,Hello-from-Moscow
2021-02-50 12:43:07,DEBUG,Istanbul,Hello-from-Istanbul
2021-02-50 12:43:07,ERROR,Moscow,Hello-from-Moscow
2021-02-50 12:43:09,INFO,Tokyo,Hello-from-Tokyo
2021-02-50 12:43:09,WARN,Istanbul,Hello-from-Istanbul
2021-02-50 12:43:09,FATAL,Moscow,Hello-from-Moscow
2021-02-50 12:43:09,DEBUG,Istanbul,Hello-from-Istanbul
2021-02-50 12:43:09,ERROR,Moscow,Hello-from-Moscow
2021-02-50 12:43:11,INFO,London,Hello-from-London
2021-02-50 12:43:11,WARN,Tokyo,Hello-from-Tokyo
2021-02-50 12:43:11,FATAL,Istanbul,Hello-from-Istanbul
2021-02-50 12:43:11,DEBUG,Istanbul,Hello-from-Istanbul
2021-02-50 12:43:11,ERROR,London,Hello-from-London
2021-02-50 12:43:12,INFO,Tokyo,Hello-from-Tokyo
2021-02-50 12:43:12,WARN,London,Hello-from-London
2021-02-50 12:43:12,FATAL,London,Hello-from-London
2021-02-50 12:43:12,DEBUG,Tokyo,Hello-from-Tokyo
2021-02-50 12:43:12,ERROR,London,Hello-from-London
2021-02-50 12:43:14,INFO,Moscow,Hello-from-Moscow
2021-02-50 12:43:14,WARN,Tokyo,Hello-from-Tokyo
2021-02-50 12:43:14,FATAL,London,Hello-from-London
2021-02-50 12:43:14,DEBUG,Beijing,Hello-from-Beijing
2021-02-50 12:43:14,ERROR,Istanbul,Hello-from-Istanbul
2021-02-50 12:43:15,INFO,Beijing,Hello-from-Beijing
2021-02-50 12:43:15,WARN,Moscow,Hello-from-Moscow
2021-02-50 12:43:15,FATAL,Beijing,Hello-from-Beijing
2021-02-50 12:43:15,DEBUG,Istanbul,Hello-from-Istanbul
2021-02-50 12:43:15,ERROR,Tokyo,Hello-from-Tokyo
2021-02-50 12:43:17,INFO,Tokyo,Hello-from-Tokyo
2021-02-50 12:43:17,WARN,London,Hello-from-London
2021-02-50 12:43:17,FATAL,Moscow,Hello-from-Moscow
2021-02-50 12:43:17,DEBUG,Tokyo,Hello-from-Tokyo
2021-02-50 12:43:17,ERROR,Istanbul,Hello-from-Istanbul
2021-02-50 12:43:18,INFO,Moscow,Hello-from-Moscow
2021-02-50 12:43:18,WARN,London,Hello-from-London
2021-02-50 12:43:18,FATAL,Beijing,Hello-from-Beijing
2021-02-50 12:43:18,DEBUG,London,Hello-from-London
2021-02-50 12:43:18,ERROR,Moscow,Hello-from-Moscow
2021-02-50 12:43:20,INFO,Tokyo,Hello-from-Tokyo
2021-02-50 12:43:20,WARN,Tokyo,Hello-from-Tokyo
2021-02-50 12:43:20,FATAL,Tokyo,Hello-from-Tokyo
2021-02-50 12:43:20,DEBUG,Istanbul,Hello-from-Istanbul
2021-02-50 12:43:20,ERROR,Beijing,Hello-from-Beijing
2021-02-50 12:43:21,INFO,Moscow,Hello-from-Moscow
2021-02-50 12:43:21,WARN,London,Hello-from-London
2021-02-50 12:43:21,FATAL,Beijing,Hello-from-Beijing
2021-02-50 12:43:21,DEBUG,London,Hello-from-London
2021-02-50 12:43:21,ERROR,Tokyo,Hello-from-Tokyo
2021-02-50 12:43:23,INFO,London,Hello-from-London
2021-02-50 12:43:23,WARN,Tokyo,Hello-from-Tokyo
2021-02-50 12:43:23,FATAL,Beijing,Hello-from-Beijing
2021-02-50 12:43:23,DEBUG,Istanbul,Hello-from-Istanbul
2021-02-50 12:43:23,ERROR,Moscow,Hello-from-Moscow
2021-02-50 12:43:24,INFO,London,Hello-from-London
2021-02-50 12:43:24,WARN,London,Hello-from-London
2021-02-50 12:43:24,FATAL,London,Hello-from-London
2021-02-50 12:43:24,DEBUG,Tokyo,Hello-from-Tokyo
2021-02-50 12:43:24,ERROR,London,Hello-from-London
2021-02-50 12:43:26,INFO,Istanbul,Hello-from-Istanbul
2021-02-50 12:43:26,WARN,Istanbul,Hello-from-Istanbul
2021-02-50 12:43:26,FATAL,Moscow,Hello-from-Moscow
2021-02-50 12:43:26,DEBUG,Beijing,Hello-from-Beijing
2021-02-50 12:43:26,ERROR,Istanbul,Hello-from-Istanbul
2021-02-50 12:43:27,INFO,Tokyo,Hello-from-Tokyo
2021-02-50 12:43:27,WARN,Istanbul,Hello-from-Istanbul
2021-02-50 12:43:27,FATAL,Beijing,Hello-from-Beijing
2021-02-50 12:43:27,DEBUG,Beijing,Hello-from-Beijing
2021-02-50 12:43:27,ERROR,Istanbul,Hello-from-Istanbul
2021-02-50 12:43:29,INFO,Moscow,Hello-from-Moscow
2021-02-50 12:43:29,WARN,Beijing,Hello-from-Beijing
2021-02-50 12:43:29,FATAL,Istanbul,Hello-from-Istanbul
2021-02-50 12:43:29,DEBUG,Istanbul,Hello-from-Istanbul
2021-02-50 12:43:29,ERROR,Moscow,Hello-from-Moscow
2021-02-50 12:43:30,INFO,Istanbul,Hello-from-Istanbul
2021-02-50 12:43:30,WARN,Tokyo,Hello-from-Tokyo
2021-02-50 12:43:30,FATAL,Moscow,Hello-from-Moscow
2021-02-50 12:43:30,DEBUG,London,Hello-from-London
2021-02-50 12:43:30,ERROR,Moscow,Hello-from-Moscow
2021-02-50 12:43:32,INFO,Beijing,Hello-from-Beijing
2021-02-50 12:43:32,WARN,Beijing,Hello-from-Beijing
2021-02-50 12:43:32,FATAL,Beijing,Hello-from-Beijing
2021-02-50 12:43:32,DEBUG,Moscow,Hello-from-Moscow
2021-02-50 12:43:32,ERROR,Istanbul,Hello-from-Istanbul
2021-02-50 12:43:33,INFO,Istanbul,Hello-from-Istanbul
2021-02-50 12:43:33,WARN,London,Hello-from-London
2021-02-50 12:43:33,FATAL,Moscow,Hello-from-Moscow
2021-02-50 12:43:33,DEBUG,Beijing,Hello-from-Beijing
2021-02-50 12:43:33,ERROR,Beijing,Hello-from-Beijing
2021-02-50 12:43:35,INFO,Beijing,Hello-from-Beijing
2021-02-50 12:43:35,WARN,Istanbul,Hello-from-Istanbul
2021-02-50 12:43:35,FATAL,London,Hello-from-London
2021-02-50 12:43:35,DEBUG,Tokyo,Hello-from-Tokyo
2021-02-50 12:43:35,ERROR,Moscow,Hello-from-Moscow
2021-02-50 12:43:36,INFO,Istanbul,Hello-from-Istanbul
2021-02-50 12:43:36,WARN,London,Hello-from-London
2021-02-50 12:43:36,FATAL,Beijing,Hello-from-Beijing
2021-02-50 12:43:36,DEBUG,Istanbul,Hello-from-Istanbul
2021-02-50 12:43:36,ERROR,Istanbul,Hello-from-Istanbul
2021-02-50 12:43:38,INFO,Tokyo,Hello-from-Tokyo
2021-02-50 12:43:38,WARN,Moscow,Hello-from-Moscow
2021-02-50 12:43:38,FATAL,Tokyo,Hello-from-Tokyo
2021-02-50 12:43:38,DEBUG,Beijing,Hello-from-Beijing
2021-02-50 12:43:38,ERROR,Istanbul,Hello-from-Istanbul
2021-02-50 12:43:39,INFO,Istanbul,Hello-from-Istanbul
2021-02-50 12:43:39,WARN,Tokyo,Hello-from-Tokyo
2021-02-50 12:43:39,FATAL,Moscow,Hello-from-Moscow
2021-02-50 12:43:39,DEBUG,Moscow,Hello-from-Moscow
2021-02-50 12:43:39,ERROR,Beijing,Hello-from-Beijing
2021-02-50 12:43:41,INFO,Istanbul,Hello-from-Istanbul
2021-02-50 12:43:41,WARN,Tokyo,Hello-from-Tokyo
2021-02-50 12:43:41,FATAL,London,Hello-from-London
2021-02-50 12:43:41,DEBUG,London,Hello-from-London
2021-02-50 12:43:41,ERROR,Tokyo,Hello-from-Tokyo
2021-02-50 12:43:42,INFO,London,Hello-from-London
2021-02-50 12:43:42,WARN,Moscow,Hello-from-Moscow
2021-02-50 12:43:42,FATAL,London,Hello-from-London
2021-02-50 12:43:42,DEBUG,London,Hello-from-London
2021-02-50 12:43:42,ERROR,Beijing,Hello-from-Beijing
2021-02-50 12:43:44,INFO,Beijing,Hello-from-Beijing
2021-02-50 12:43:44,WARN,Moscow,Hello-from-Moscow
2021-02-50 12:43:44,FATAL,Istanbul,Hello-from-Istanbul
2021-02-50 12:43:44,DEBUG,Moscow,Hello-from-Moscow
2021-02-50 12:43:44,ERROR,Beijing,Hello-from-Beijing
2021-02-50 12:43:45,INFO,Moscow,Hello-from-Moscow
2021-02-50 12:43:45,WARN,Moscow,Hello-from-Moscow
2021-02-50 12:43:45,FATAL,Tokyo,Hello-from-Tokyo
2021-02-50 12:43:45,DEBUG,Tokyo,Hello-from-Tokyo
2021-02-50 12:43:45,ERROR,Tokyo,Hello-from-Tokyo
2021-02-50 12:43:47,INFO,Beijing,Hello-from-Beijing
2021-02-50 12:43:47,WARN,Tokyo,Hello-from-Tokyo
2021-02-50 12:43:47,FATAL,London,Hello-from-London
2021-02-50 12:43:47,DEBUG,Tokyo,Hello-from-Tokyo
2021-02-50 12:43:47,ERROR,London,Hello-from-London
2021-02-50 12:43:48,INFO,Istanbul,Hello-from-Istanbul
2021-02-50 12:43:48,WARN,Beijing,Hello-from-Beijing
2021-02-50 12:43:48,FATAL,London,Hello-from-London
2021-02-50 12:43:48,DEBUG,Moscow,Hello-from-Moscow
2021-02-50 12:43:48,ERROR,London,Hello-from-London
2021-02-50 12:43:50,INFO,Tokyo,Hello-from-Tokyo
2021-02-50 12:43:50,WARN,Tokyo,Hello-from-Tokyo
2021-02-50 12:43:50,FATAL,London,Hello-from-London
2021-02-50 12:43:50,DEBUG,Beijing,Hello-from-Beijing
2021-02-50 12:43:50,ERROR,Istanbul,Hello-from-Istanbul
2021-02-50 12:43:51,INFO,London,Hello-from-London
2021-02-50 12:43:51,WARN,Istanbul,Hello-from-Istanbul
2021-02-50 12:43:51,FATAL,Moscow,Hello-from-Moscow
2021-02-50 12:43:51,DEBUG,London,Hello-from-London
2021-02-50 12:43:51,ERROR,Moscow,Hello-from-Moscow
2021-02-50 12:43:53,INFO,Istanbul,Hello-from-Istanbul
2021-02-50 12:43:53,WARN,Istanbul,Hello-from-Istanbul
2021-02-50 12:43:53,FATAL,Istanbul,Hello-from-Istanbul
2021-02-50 12:43:53,DEBUG,Beijing,Hello-from-Beijing
2021-02-50 12:43:53,ERROR,Tokyo,Hello-from-Tokyo
2021-02-50 12:43:54,INFO,Tokyo,Hello-from-Tokyo
2021-02-50 12:43:54,WARN,Tokyo,Hello-from-Tokyo
2021-02-50 12:43:54,FATAL,London,Hello-from-London
2021-02-50 12:43:54,DEBUG,Beijing,Hello-from-Beijing
2021-02-50 12:43:54,ERROR,Istanbul,Hello-from-Istanbul
2021-02-50 12:43:56,INFO,Beijing,Hello-from-Beijing
2021-02-50 12:43:56,WARN,Moscow,Hello-from-Moscow
2021-02-50 12:43:56,FATAL,Istanbul,Hello-from-Istanbul
2021-02-50 12:43:56,DEBUG,Tokyo,Hello-from-Tokyo
2021-02-50 12:43:56,ERROR,Moscow,Hello-from-Moscow
2021-02-50 12:43:57,INFO,Moscow,Hello-from-Moscow
2021-02-50 12:43:57,WARN,Istanbul,Hello-from-Istanbul
2021-02-50 12:43:57,FATAL,London,Hello-from-London
2021-02-50 12:43:57,DEBUG,Beijing,Hello-from-Beijing
2021-02-50 12:43:57,ERROR,Moscow,Hello-from-Moscow
2021-02-50 12:43:59,INFO,Moscow,Hello-from-Moscow
2021-02-50 12:43:59,WARN,Istanbul,Hello-from-Istanbul
2021-02-50 12:43:59,FATAL,Beijing,Hello-from-Beijing
2021-02-50 12:43:59,DEBUG,Istanbul,Hello-from-Istanbul
2021-02-50 12:43:59,ERROR,Istanbul,Hello-from-Istanbul
2021-02-50 12:44:00,INFO,Istanbul,Hello-from-Istanbul
2021-02-50 12:44:00,WARN,Istanbul,Hello-from-Istanbul
2021-02-50 12:44:00,FATAL,Istanbul,Hello-from-Istanbul
2021-02-50 12:44:00,DEBUG,Istanbul,Hello-from-Istanbul
2021-02-50 12:44:00,ERROR,Beijing,Hello-from-Beijing
2021-02-50 12:44:02,INFO,London,Hello-from-London
2021-02-50 12:44:02,WARN,Moscow,Hello-from-Moscow
2021-02-50 12:44:02,FATAL,Tokyo,Hello-from-Tokyo
2021-02-50 12:44:02,DEBUG,Istanbul,Hello-from-Istanbul
2021-02-50 12:44:02,ERROR,Tokyo,Hello-from-Tokyo
2021-02-50 12:44:03,INFO,Beijing,Hello-from-Beijing
2021-02-50 12:44:03,WARN,Beijing,Hello-from-Beijing
2021-02-50 12:44:03,FATAL,London,Hello-from-London
2021-02-50 12:44:03,DEBUG,Istanbul,Hello-from-Istanbul
2021-02-50 12:44:03,ERROR,Beijing,Hello-from-Beijing
2021-02-50 12:44:05,INFO,Beijing,Hello-from-Beijing
2021-02-50 12:44:05,WARN,Beijing,Hello-from-Beijing
2021-02-50 12:44:05,FATAL,London,Hello-from-London
2021-02-50 12:44:05,DEBUG,Moscow,Hello-from-Moscow
2021-02-50 12:44:05,ERROR,Tokyo,Hello-from-Tokyo
2021-02-50 12:44:06,INFO,Beijing,Hello-from-Beijing
2021-02-50 12:44:06,WARN,Istanbul,Hello-from-Istanbul
2021-02-50 12:44:06,FATAL,Moscow,Hello-from-Moscow
2021-02-50 12:44:06,DEBUG,London,Hello-from-London
2021-02-50 12:44:06,ERROR,Beijing,Hello-from-Beijing
2021-02-50 12:44:08,INFO,Istanbul,Hello-from-Istanbul
2021-02-50 12:44:08,WARN,London,Hello-from-London
2021-02-50 12:44:08,FATAL,Moscow,Hello-from-Moscow
2021-02-50 12:44:08,DEBUG,Tokyo,Hello-from-Tokyo
2021-02-50 12:44:08,ERROR,Beijing,Hello-from-Beijing
2021-02-50 12:44:09,INFO,London,Hello-from-London
2021-02-50 12:44:09,WARN,Beijing,Hello-from-Beijing
2021-02-50 12:44:09,FATAL,Tokyo,Hello-from-Tokyo
2021-02-50 12:44:09,DEBUG,Beijing,Hello-from-Beijing
2021-02-50 12:44:09,ERROR,Istanbul,Hello-from-Istanbul
2021-02-50 12:44:11,INFO,Tokyo,Hello-from-Tokyo
2021-02-50 12:44:11,WARN,Beijing,Hello-from-Beijing
2021-02-50 12:44:11,FATAL,Beijing,Hello-from-Beijing
2021-02-50 12:44:11,DEBUG,Moscow,Hello-from-Moscow
2021-02-50 12:44:11,ERROR,Moscow,Hello-from-Moscow
2021-02-50 12:44:12,INFO,Tokyo,Hello-from-Tokyo
2021-02-50 12:44:12,WARN,Istanbul,Hello-from-Istanbul
2021-02-50 12:44:12,FATAL,Beijing,Hello-from-Beijing
2021-02-50 12:44:12,DEBUG,Istanbul,Hello-from-Istanbul
2021-02-50 12:44:12,ERROR,London,Hello-from-London
2021-02-50 12:44:14,INFO,London,Hello-from-London
2021-02-50 12:44:14,WARN,Tokyo,Hello-from-Tokyo
2021-02-50 12:44:14,FATAL,Istanbul,Hello-from-Istanbul
2021-02-50 12:44:14,DEBUG,Istanbul,Hello-from-Istanbul
2021-02-50 12:44:14,ERROR,London,Hello-from-London
2021-02-50 12:44:16,INFO,Istanbul,Hello-from-Istanbul
2021-02-50 12:44:16,WARN,London,Hello-from-London
2021-02-50 12:44:16,FATAL,Istanbul,Hello-from-Istanbul
2021-02-50 12:44:16,DEBUG,Istanbul,Hello-from-Istanbul
2021-02-50 12:44:16,ERROR,Istanbul,Hello-from-Istanbul
2021-02-50 12:44:17,INFO,London,Hello-from-London
2021-02-50 12:44:17,WARN,London,Hello-from-London
2021-02-50 12:44:17,FATAL,Istanbul,Hello-from-Istanbul
2021-02-50 12:44:17,DEBUG,London,Hello-from-London
2021-02-50 12:44:17,ERROR,Istanbul,Hello-from-Istanbul
2021-02-50 12:44:19,INFO,London,Hello-from-London
2021-02-50 12:44:19,WARN,Tokyo,Hello-from-Tokyo
2021-02-50 12:44:19,FATAL,Istanbul,Hello-from-Istanbul
2021-02-50 12:44:19,DEBUG,Beijing,Hello-from-Beijing
2021-02-50 12:44:19,ERROR,Moscow,Hello-from-Moscow
2021-02-50 12:44:20,INFO,Beijing,Hello-from-Beijing
2021-02-50 12:44:20,WARN,Tokyo,Hello-from-Tokyo
2021-02-50 12:44:20,FATAL,Istanbul,Hello-from-Istanbul
2021-02-50 12:44:20,DEBUG,London,Hello-from-London
2021-02-50 12:44:20,ERROR,London,Hello-from-London
2021-02-50 12:44:22,INFO,Beijing,Hello-from-Beijing
2021-02-50 12:44:22,WARN,Tokyo,Hello-from-Tokyo
2021-02-50 12:44:22,FATAL,London,Hello-from-London
2021-02-50 12:44:22,DEBUG,London,Hello-from-London
2021-02-50 12:44:22,ERROR,Beijing,Hello-from-Beijing
2021-02-50 12:44:23,INFO,London,Hello-from-London
2021-02-50 12:44:23,WARN,Tokyo,Hello-from-Tokyo
2021-02-50 12:44:23,FATAL,London,Hello-from-London
2021-02-50 12:44:23,DEBUG,Istanbul,Hello-from-Istanbul
2021-02-50 12:44:23,ERROR,London,Hello-from-London
2021-02-50 12:44:25,INFO,Istanbul,Hello-from-Istanbul
2021-02-50 12:44:25,WARN,Tokyo,Hello-from-Tokyo
2021-02-50 12:44:25,FATAL,Moscow,Hello-from-Moscow
2021-02-50 12:44:25,DEBUG,Tokyo,Hello-from-Tokyo
2021-02-50 12:44:25,ERROR,Moscow,Hello-from-Moscow
2021-02-50 12:44:26,INFO,Beijing,Hello-from-Beijing
2021-02-50 12:44:26,WARN,Istanbul,Hello-from-Istanbul
2021-02-50 12:44:26,FATAL,Moscow,Hello-from-Moscow
2021-02-50 12:44:26,DEBUG,London,Hello-from-London
2021-02-50 12:44:26,ERROR,Moscow,Hello-from-Moscow
2021-02-50 12:44:28,INFO,Istanbul,Hello-from-Istanbul
2021-02-50 12:44:28,WARN,London,Hello-from-London
2021-02-50 12:44:28,FATAL,Istanbul,Hello-from-Istanbul
2021-02-50 12:44:28,DEBUG,Istanbul,Hello-from-Istanbul
2021-02-50 12:44:28,ERROR,London,Hello-from-London
2021-02-50 12:44:29,INFO,Beijing,Hello-from-Beijing
2021-02-50 12:44:29,WARN,London,Hello-from-London
2021-02-50 12:44:29,FATAL,London,Hello-from-London
2021-02-50 12:44:29,DEBUG,London,Hello-from-London
2021-02-50 12:44:29,ERROR,London,Hello-from-London
2021-02-50 12:44:31,INFO,Tokyo,Hello-from-Tokyo
2021-02-50 12:44:31,WARN,Beijing,Hello-from-Beijing
2021-02-50 12:44:31,FATAL,Moscow,Hello-from-Moscow
2021-02-50 12:44:31,DEBUG,Istanbul,Hello-from-Istanbul
2021-02-50 12:44:31,ERROR,Istanbul,Hello-from-Istanbul
2021-02-50 12:44:32,INFO,Moscow,Hello-from-Moscow
2021-02-50 12:44:32,WARN,Beijing,Hello-from-Beijing
2021-02-50 12:44:32,FATAL,Istanbul,Hello-from-Istanbul
2021-02-50 12:44:32,DEBUG,Istanbul,Hello-from-Istanbul
2021-02-50 12:44:32,ERROR,Tokyo,Hello-from-Tokyo
2021-02-50 12:44:34,INFO,Tokyo,Hello-from-Tokyo
2021-02-50 12:44:34,WARN,Istanbul,Hello-from-Istanbul
2021-02-50 12:44:34,FATAL,Tokyo,Hello-from-Tokyo
2021-02-50 12:44:34,DEBUG,Beijing,Hello-from-Beijing
2021-02-50 12:44:34,ERROR,Istanbul,Hello-from-Istanbul
2021-02-50 12:44:35,INFO,Moscow,Hello-from-Moscow
2021-02-50 12:44:35,WARN,Tokyo,Hello-from-Tokyo
2021-02-50 12:44:35,FATAL,Istanbul,Hello-from-Istanbul
2021-02-50 12:44:35,DEBUG,Beijing,Hello-from-Beijing
2021-02-50 12:44:35,ERROR,Moscow,Hello-from-Moscow
2021-02-50 12:44:37,INFO,Beijing,Hello-from-Beijing
2021-02-50 12:44:37,WARN,Istanbul,Hello-from-Istanbul
2021-02-50 12:44:37,FATAL,Istanbul,Hello-from-Istanbul
2021-02-50 12:44:37,DEBUG,London,Hello-from-London
2021-02-50 12:44:37,ERROR,London,Hello-from-London
2021-02-50 12:44:38,INFO,Tokyo,Hello-from-Tokyo
2021-02-50 12:44:38,WARN,Beijing,Hello-from-Beijing
2021-02-50 12:44:38,FATAL,Tokyo,Hello-from-Tokyo
2021-02-50 12:44:38,DEBUG,Beijing,Hello-from-Beijing
2021-02-50 12:44:38,ERROR,Istanbul,Hello-from-Istanbul
2021-02-50 12:44:40,INFO,London,Hello-from-London
2021-02-50 12:44:40,WARN,Istanbul,Hello-from-Istanbul
2021-02-50 12:44:40,FATAL,Istanbul,Hello-from-Istanbul
2021-02-50 12:44:40,DEBUG,London,Hello-from-London
2021-02-50 12:44:40,ERROR,Tokyo,Hello-from-Tokyo
2021-02-50 12:44:41,INFO,Tokyo,Hello-from-Tokyo
2021-02-50 12:44:41,WARN,Istanbul,Hello-from-Istanbul
2021-02-50 12:44:41,FATAL,Tokyo,Hello-from-Tokyo
2021-02-50 12:44:41,DEBUG,Tokyo,Hello-from-Tokyo
2021-02-50 12:44:41,ERROR,London,Hello-from-London
2021-02-50 12:44:43,INFO,Beijing,Hello-from-Beijing
2021-02-50 12:44:43,WARN,Tokyo,Hello-from-Tokyo
2021-02-50 12:44:43,FATAL,Beijing,Hello-from-Beijing
2021-02-50 12:44:43,DEBUG,Moscow,Hello-from-Moscow
2021-02-50 12:44:43,ERROR,London,Hello-from-London
2021-02-50 12:44:44,INFO,London,Hello-from-London
2021-02-50 12:44:44,WARN,Istanbul,Hello-from-Istanbul
2021-02-50 12:44:44,FATAL,Istanbul,Hello-from-Istanbul
2021-02-50 12:44:44,DEBUG,Moscow,Hello-from-Moscow
2021-02-50 12:44:44,ERROR,London,Hello-from-London
2021-02-50 12:44:46,INFO,Moscow,Hello-from-Moscow
2021-02-50 12:44:46,WARN,Istanbul,Hello-from-Istanbul
2021-02-50 12:44:46,FATAL,Beijing,Hello-from-Beijing
2021-02-50 12:44:46,DEBUG,Beijing,Hello-from-Beijing
2021-02-50 12:44:46,ERROR,Moscow,Hello-from-Moscow
2021-02-50 12:44:47,INFO,Tokyo,Hello-from-Tokyo
2021-02-50 12:44:47,WARN,Beijing,Hello-from-Beijing
2021-02-50 12:44:47,FATAL,Moscow,Hello-from-Moscow
2021-02-50 12:44:47,DEBUG,Moscow,Hello-from-Moscow
2021-02-50 12:44:47,ERROR,London,Hello-from-London
2021-02-50 12:44:49,INFO,Moscow,Hello-from-Moscow
2021-02-50 12:44:49,WARN,Beijing,Hello-from-Beijing
2021-02-50 12:44:49,FATAL,Istanbul,Hello-from-Istanbul
2021-02-50 12:44:49,DEBUG,Moscow,Hello-from-Moscow
2021-02-50 12:44:49,ERROR,London,Hello-from-London
2021-02-50 12:44:50,INFO,Beijing,Hello-from-Beijing
2021-02-50 12:44:50,WARN,Istanbul,Hello-from-Istanbul
2021-02-50 12:44:50,FATAL,Beijing,Hello-from-Beijing
2021-02-50 12:44:50,DEBUG,London,Hello-from-London
2021-02-50 12:44:50,ERROR,Beijing,Hello-from-Beijing
2021-02-50 12:44:52,INFO,London,Hello-from-London
2021-02-50 12:44:52,WARN,Istanbul,Hello-from-Istanbul
2021-02-50 12:44:52,FATAL,Tokyo,Hello-from-Tokyo
2021-02-50 12:44:52,DEBUG,London,Hello-from-London
2021-02-50 12:44:52,ERROR,London,Hello-from-London
2021-02-50 12:44:54,INFO,London,Hello-from-London
2021-02-50 12:44:54,WARN,Tokyo,Hello-from-Tokyo
2021-02-50 12:44:54,FATAL,London,Hello-from-London
2021-02-50 12:44:54,DEBUG,Tokyo,Hello-from-Tokyo
2021-02-50 12:44:54,ERROR,London,Hello-from-London
2021-02-50 12:44:55,INFO,Beijing,Hello-from-Beijing
2021-02-50 12:44:55,WARN,Tokyo,Hello-from-Tokyo
2021-02-50 12:44:55,FATAL,Beijing,Hello-from-Beijing
2021-02-50 12:44:55,DEBUG,Moscow,Hello-from-Moscow
2021-02-50 12:44:55,ERROR,Moscow,Hello-from-Moscow
2021-02-50 12:44:57,INFO,Beijing,Hello-from-Beijing
2021-02-50 12:44:57,WARN,Tokyo,Hello-from-Tokyo
2021-02-50 12:44:57,FATAL,Beijing,Hello-from-Beijing
2021-02-50 12:44:57,DEBUG,London,Hello-from-London
2021-02-50 12:44:57,ERROR,Moscow,Hello-from-Moscow
2021-02-50 12:44:58,INFO,London,Hello-from-London
2021-02-50 12:44:58,WARN,Moscow,Hello-from-Moscow
2021-02-50 12:44:58,FATAL,London,Hello-from-London
2021-02-50 12:44:58,DEBUG,Tokyo,Hello-from-Tokyo
2021-02-50 12:44:58,ERROR,Beijing,Hello-from-Beijing
2021-02-50 12:45:00,INFO,Beijing,Hello-from-Beijing
2021-02-50 12:45:00,WARN,Istanbul,Hello-from-Istanbul
2021-02-50 12:45:00,FATAL,Istanbul,Hello-from-Istanbul
2021-02-50 12:45:00,DEBUG,Beijing,Hello-from-Beijing
2021-02-50 12:45:00,ERROR,Tokyo,Hello-from-Tokyo
2021-02-50 12:45:01,INFO,London,Hello-from-London
2021-02-50 12:45:01,WARN,Tokyo,Hello-from-Tokyo
2021-02-50 12:45:01,FATAL,Beijing,Hello-from-Beijing
2021-02-50 12:45:01,DEBUG,London,Hello-from-London
2021-02-50 12:45:01,ERROR,Beijing,Hello-from-Beijing
2021-02-50 12:45:03,INFO,Tokyo,Hello-from-Tokyo
2021-02-50 12:45:03,WARN,Beijing,Hello-from-Beijing
2021-02-50 12:45:03,FATAL,Istanbul,Hello-from-Istanbul
2021-02-50 12:45:03,DEBUG,London,Hello-from-London
2021-02-50 12:45:03,ERROR,Tokyo,Hello-from-Tokyo
2021-02-50 12:45:04,INFO,Beijing,Hello-from-Beijing
2021-02-50 12:45:04,WARN,Istanbul,Hello-from-Istanbul
2021-02-50 12:45:04,FATAL,London,Hello-from-London
2021-02-50 12:45:04,DEBUG,London,Hello-from-London
2021-02-50 12:45:04,ERROR,London,Hello-from-London
2021-02-50 12:45:06,INFO,Istanbul,Hello-from-Istanbul
2021-02-50 12:45:06,WARN,Beijing,Hello-from-Beijing
2021-02-50 12:45:06,FATAL,Moscow,Hello-from-Moscow
2021-02-50 12:45:06,DEBUG,Istanbul,Hello-from-Istanbul
2021-02-50 12:45:06,ERROR,Beijing,Hello-from-Beijing
2021-02-50 12:45:07,INFO,Tokyo,Hello-from-Tokyo
2021-02-50 12:45:07,WARN,Moscow,Hello-from-Moscow
2021-02-50 12:45:07,FATAL,Tokyo,Hello-from-Tokyo
2021-02-50 12:45:07,DEBUG,Tokyo,Hello-from-Tokyo
2021-02-50 12:45:07,ERROR,Moscow,Hello-from-Moscow
2021-02-50 12:45:09,INFO,Moscow,Hello-from-Moscow
2021-02-50 12:45:09,WARN,Istanbul,Hello-from-Istanbul
2021-02-50 12:45:09,FATAL,Tokyo,Hello-from-Tokyo
2021-02-50 12:45:09,DEBUG,Tokyo,Hello-from-Tokyo
2021-02-50 12:45:09,ERROR,Istanbul,Hello-from-Istanbul
2021-02-50 12:45:10,INFO,Tokyo,Hello-from-Tokyo
2021-02-50 12:45:10,WARN,Beijing,Hello-from-Beijing
2021-02-50 12:45:10,FATAL,Tokyo,Hello-from-Tokyo
2021-02-50 12:45:10,DEBUG,Moscow,Hello-from-Moscow
2021-02-50 12:45:10,ERROR,Moscow,Hello-from-Moscow
2021-02-50 12:45:12,INFO,London,Hello-from-London
2021-02-50 12:45:12,WARN,Moscow,Hello-from-Moscow
2021-02-50 12:45:12,FATAL,Istanbul,Hello-from-Istanbul
2021-02-50 12:45:12,DEBUG,Tokyo,Hello-from-Tokyo
2021-02-50 12:45:12,ERROR,Beijing,Hello-from-Beijing
2021-02-50 12:45:13,INFO,Istanbul,Hello-from-Istanbul
2021-02-50 12:45:13,WARN,Istanbul,Hello-from-Istanbul
2021-02-50 12:45:13,FATAL,Beijing,Hello-from-Beijing
2021-02-50 12:45:13,DEBUG,London,Hello-from-London
2021-02-50 12:45:13,ERROR,Istanbul,Hello-from-Istanbul
2021-02-50 12:45:15,INFO,Moscow,Hello-from-Moscow
2021-02-50 12:45:15,WARN,Istanbul,Hello-from-Istanbul
2021-02-50 12:45:15,FATAL,Tokyo,Hello-from-Tokyo
2021-02-50 12:45:15,DEBUG,Tokyo,Hello-from-Tokyo
2021-02-50 12:45:15,ERROR,London,Hello-from-London
2021-02-50 12:45:16,INFO,Tokyo,Hello-from-Tokyo
2021-02-50 12:45:16,WARN,Istanbul,Hello-from-Istanbul
2021-02-50 12:45:16,FATAL,London,Hello-from-London
2021-02-50 12:45:16,DEBUG,Istanbul,Hello-from-Istanbul
2021-02-50 12:45:16,ERROR,London,Hello-from-London
2021-02-50 12:45:18,INFO,Tokyo,Hello-from-Tokyo
2021-02-50 12:45:18,WARN,Tokyo,Hello-from-Tokyo
2021-02-50 12:45:18,FATAL,Moscow,Hello-from-Moscow
2021-02-50 12:45:18,DEBUG,London,Hello-from-London
2021-02-50 12:45:18,ERROR,Beijing,Hello-from-Beijing
2021-02-50 12:45:19,INFO,Beijing,Hello-from-Beijing
2021-02-50 12:45:19,WARN,Istanbul,Hello-from-Istanbul
2021-02-50 12:45:19,FATAL,Tokyo,Hello-from-Tokyo
2021-02-50 12:45:19,DEBUG,Beijing,Hello-from-Beijing
2021-02-50 12:45:19,ERROR,Beijing,Hello-from-Beijing
2021-02-50 12:45:21,INFO,Moscow,Hello-from-Moscow
2021-02-50 12:45:21,WARN,Istanbul,Hello-from-Istanbul
2021-02-50 12:45:21,FATAL,London,Hello-from-London
2021-02-50 12:45:21,DEBUG,London,Hello-from-London
2021-02-50 12:45:21,ERROR,London,Hello-from-London
2021-02-50 12:45:22,INFO,London,Hello-from-London
2021-02-50 12:45:22,WARN,London,Hello-from-London
2021-02-50 12:45:22,FATAL,Istanbul,Hello-from-Istanbul
2021-02-50 12:45:22,DEBUG,Moscow,Hello-from-Moscow
2021-02-50 12:45:22,ERROR,London,Hello-from-London
2021-02-50 12:45:24,INFO,Moscow,Hello-from-Moscow
2021-02-50 12:45:24,WARN,Tokyo,Hello-from-Tokyo
2021-02-50 12:45:24,FATAL,Tokyo,Hello-from-Tokyo
2021-02-50 12:45:24,DEBUG,Beijing,Hello-from-Beijing
2021-02-50 12:45:24,ERROR,Moscow,Hello-from-Moscow
2021-02-50 12:45:25,INFO,Moscow,Hello-from-Moscow
2021-02-50 12:45:25,WARN,Istanbul,Hello-from-Istanbul
2021-02-50 12:45:25,FATAL,Tokyo,Hello-from-Tokyo
2021-02-50 12:45:25,DEBUG,Beijing,Hello-from-Beijing
2021-02-50 12:45:25,ERROR,Istanbul,Hello-from-Istanbul
2021-02-50 12:45:27,INFO,Tokyo,Hello-from-Tokyo
2021-02-50 12:45:27,WARN,Beijing,Hello-from-Beijing
2021-02-50 12:45:27,FATAL,Moscow,Hello-from-Moscow
2021-02-50 12:45:27,DEBUG,Moscow,Hello-from-Moscow
2021-02-50 12:45:27,ERROR,Istanbul,Hello-from-Istanbul
2021-02-50 12:45:28,INFO,Istanbul,Hello-from-Istanbul
2021-02-50 12:45:28,WARN,Moscow,Hello-from-Moscow
2021-02-50 12:45:28,FATAL,Beijing,Hello-from-Beijing
2021-02-50 12:45:28,DEBUG,Moscow,Hello-from-Moscow
2021-02-50 12:45:28,ERROR,London,Hello-from-London
2021-02-50 12:45:30,INFO,Moscow,Hello-from-Moscow
2021-02-50 12:45:30,WARN,Tokyo,Hello-from-Tokyo
2021-02-50 12:45:30,FATAL,Istanbul,Hello-from-Istanbul
2021-02-50 12:45:30,DEBUG,Istanbul,Hello-from-Istanbul
2021-02-50 12:45:30,ERROR,Istanbul,Hello-from-Istanbul
2021-02-50 12:45:31,INFO,London,Hello-from-London
2021-02-50 12:45:31,WARN,Istanbul,Hello-from-Istanbul
2021-02-50 12:45:31,FATAL,Istanbul,Hello-from-Istanbul
2021-02-50 12:45:31,DEBUG,Moscow,Hello-from-Moscow
2021-02-50 12:45:31,ERROR,London,Hello-from-London
2021-02-50 12:45:33,INFO,Moscow,Hello-from-Moscow
2021-02-50 12:45:33,WARN,Tokyo,Hello-from-Tokyo
2021-02-50 12:45:33,FATAL,Istanbul,Hello-from-Istanbul
2021-02-50 12:45:33,DEBUG,Moscow,Hello-from-Moscow
2021-02-50 12:45:33,ERROR,Istanbul,Hello-from-Istanbul
2021-02-50 12:45:34,INFO,Beijing,Hello-from-Beijing
2021-02-50 12:45:34,WARN,Moscow,Hello-from-Moscow
2021-02-50 12:45:34,FATAL,Beijing,Hello-from-Beijing
2021-02-50 12:45:34,DEBUG,Tokyo,Hello-from-Tokyo
2021-02-50 12:45:34,ERROR,Beijing,Hello-from-Beijing
2021-02-50 12:45:36,INFO,Istanbul,Hello-from-Istanbul
2021-02-50 12:45:36,WARN,Tokyo,Hello-from-Tokyo
2021-02-50 12:45:36,FATAL,London,Hello-from-London
2021-02-50 12:45:36,DEBUG,Moscow,Hello-from-Moscow
2021-02-50 12:45:36,ERROR,Moscow,Hello-from-Moscow
2021-02-50 12:45:37,INFO,Beijing,Hello-from-Beijing
2021-02-50 12:45:37,WARN,Istanbul,Hello-from-Istanbul
2021-02-50 12:45:37,FATAL,Moscow,Hello-from-Moscow
2021-02-50 12:45:37,DEBUG,Tokyo,Hello-from-Tokyo
2021-02-50 12:45:37,ERROR,Tokyo,Hello-from-Tokyo
2021-02-50 12:45:57,INFO,Moscow,Hello-from-Moscow
2021-02-50 12:45:57,WARN,Tokyo,Hello-from-Tokyo
2021-02-50 12:45:57,FATAL,Moscow,Hello-from-Moscow
2021-02-50 12:45:57,DEBUG,Moscow,Hello-from-Moscow
2021-02-50 12:45:57,ERROR,London,Hello-from-London
2021-02-50 12:45:58,INFO,Tokyo,Hello-from-Tokyo
2021-02-50 12:45:58,WARN,Beijing,Hello-from-Beijing
2021-02-50 12:45:58,FATAL,Tokyo,Hello-from-Tokyo
2021-02-50 12:45:58,DEBUG,Beijing,Hello-from-Beijing
2021-02-50 12:45:58,ERROR,Beijing,Hello-from-Beijing
2021-02-50 12:45:59,INFO,Beijing,Hello-from-Beijing
2021-02-50 12:45:59,WARN,Tokyo,Hello-from-Tokyo
2021-02-50 12:45:59,FATAL,Moscow,Hello-from-Moscow
2021-02-50 12:45:59,DEBUG,Istanbul,Hello-from-Istanbul
2021-02-50 12:45:59,ERROR,Moscow,Hello-from-Moscow
2021-02-50 12:46:00,INFO,London,Hello-from-London
2021-02-50 12:46:00,WARN,Moscow,Hello-from-Moscow
2021-02-50 12:46:00,FATAL,Moscow,Hello-from-Moscow
2021-02-50 12:46:00,DEBUG,Moscow,Hello-from-Moscow
2021-02-50 12:46:00,ERROR,Istanbul,Hello-from-Istanbul
2021-02-50 12:46:01,INFO,Istanbul,Hello-from-Istanbul
2021-02-50 12:46:01,WARN,Beijing,Hello-from-Beijing
2021-02-50 12:46:01,FATAL,London,Hello-from-London
2021-02-50 12:46:01,DEBUG,Beijing,Hello-from-Beijing
2021-02-50 12:46:01,ERROR,Tokyo,Hello-from-Tokyo
2021-02-50 12:46:02,INFO,Istanbul,Hello-from-Istanbul
2021-02-50 12:46:02,WARN,Moscow,Hello-from-Moscow
2021-02-50 12:46:02,FATAL,Moscow,Hello-from-Moscow
2021-02-50 12:46:02,DEBUG,Tokyo,Hello-from-Tokyo
2021-02-50 12:46:02,ERROR,London,Hello-from-London
2021-02-50 12:46:02,INFO,Istanbul,Hello-from-Istanbul
2021-02-50 12:46:02,WARN,Tokyo,Hello-from-Tokyo
2021-02-50 12:46:02,FATAL,Tokyo,Hello-from-Tokyo
2021-02-50 12:46:02,DEBUG,Moscow,Hello-from-Moscow
2021-02-50 12:46:02,ERROR,Tokyo,Hello-from-Tokyo
2021-02-50 12:46:03,INFO,Istanbul,Hello-from-Istanbul
2021-02-50 12:46:03,WARN,London,Hello-from-London
2021-02-50 12:46:03,FATAL,Moscow,Hello-from-Moscow
2021-02-50 12:46:03,DEBUG,Tokyo,Hello-from-Tokyo
2021-02-50 12:46:03,ERROR,London,Hello-from-London
2021-02-50 12:46:04,INFO,Moscow,Hello-from-Moscow
2021-02-50 12:46:04,WARN,London,Hello-from-London
2021-02-50 12:46:04,FATAL,Moscow,Hello-from-Moscow
2021-02-50 12:46:04,DEBUG,Beijing,Hello-from-Beijing
2021-02-50 12:46:04,ERROR,Moscow,Hello-from-Moscow
2021-02-50 12:46:05,INFO,Tokyo,Hello-from-Tokyo
2021-02-50 12:46:05,WARN,London,Hello-from-London
2021-02-50 12:46:05,FATAL,Tokyo,Hello-from-Tokyo
2021-02-50 12:46:05,DEBUG,Istanbul,Hello-from-Istanbul
2021-02-50 12:46:05,ERROR,Beijing,Hello-from-Beijing
2021-02-50 12:46:06,INFO,London,Hello-from-London
2021-02-50 12:46:06,WARN,Beijing,Hello-from-Beijing
2021-02-50 12:46:06,FATAL,Moscow,Hello-from-Moscow
2021-02-50 12:46:06,DEBUG,London,Hello-from-London
2021-02-50 12:46:06,ERROR,Tokyo,Hello-from-Tokyo
2021-02-50 12:46:06,INFO,Tokyo,Hello-from-Tokyo
2021-02-50 12:46:06,WARN,Tokyo,Hello-from-Tokyo
2021-02-50 12:46:06,FATAL,Moscow,Hello-from-Moscow
2021-02-50 12:46:06,DEBUG,Istanbul,Hello-from-Istanbul
2021-02-50 12:46:06,ERROR,London,Hello-from-London
2021-02-50 12:46:07,INFO,Beijing,Hello-from-Beijing
2021-02-50 12:46:07,WARN,London,Hello-from-London
2021-02-50 12:46:07,FATAL,Beijing,Hello-from-Beijing
2021-02-50 12:46:07,DEBUG,Moscow,Hello-from-Moscow
2021-02-50 12:46:07,ERROR,Istanbul,Hello-from-Istanbul
2021-02-50 12:46:08,INFO,Istanbul,Hello-from-Istanbul
2021-02-50 12:46:08,WARN,London,Hello-from-London
2021-02-50 12:46:08,FATAL,Beijing,Hello-from-Beijing
2021-02-50 12:46:08,DEBUG,Beijing,Hello-from-Beijing
2021-02-50 12:46:08,ERROR,Istanbul,Hello-from-Istanbul
2021-02-50 12:46:09,INFO,Moscow,Hello-from-Moscow
2021-02-50 12:46:09,WARN,London,Hello-from-London
2021-02-50 12:46:09,FATAL,Istanbul,Hello-from-Istanbul
2021-02-50 12:46:09,DEBUG,Beijing,Hello-from-Beijing
2021-02-50 12:46:09,ERROR,Tokyo,Hello-from-Tokyo
2021-02-50 12:46:10,INFO,Tokyo,Hello-from-Tokyo
2021-02-50 12:46:10,WARN,London,Hello-from-London
2021-02-50 12:46:10,FATAL,Moscow,Hello-from-Moscow
2021-02-50 12:46:10,DEBUG,London,Hello-from-London
2021-02-50 12:46:10,ERROR,Moscow,Hello-from-Moscow
2021-02-50 12:46:10,INFO,Beijing,Hello-from-Beijing
2021-02-50 12:46:10,WARN,London,Hello-from-London
2021-02-50 12:46:10,FATAL,Beijing,Hello-from-Beijing
2021-02-50 12:46:10,DEBUG,Tokyo,Hello-from-Tokyo
2021-02-50 12:46:10,ERROR,Moscow,Hello-from-Moscow
2021-02-50 12:46:11,INFO,Tokyo,Hello-from-Tokyo
2021-02-50 12:46:11,WARN,London,Hello-from-London
2021-02-50 12:46:11,FATAL,Tokyo,Hello-from-Tokyo
2021-02-50 12:46:11,DEBUG,Tokyo,Hello-from-Tokyo
2021-02-50 12:46:11,ERROR,London,Hello-from-London
2021-02-50 12:46:12,INFO,London,Hello-from-London
2021-02-50 12:46:12,WARN,Tokyo,Hello-from-Tokyo
2021-02-50 12:46:12,FATAL,Tokyo,Hello-from-Tokyo
2021-02-50 12:46:12,DEBUG,Istanbul,Hello-from-Istanbul
2021-02-50 12:46:12,ERROR,Istanbul,Hello-from-Istanbul
2021-02-50 12:46:13,INFO,London,Hello-from-London
2021-02-50 12:46:13,WARN,Istanbul,Hello-from-Istanbul
2021-02-50 12:46:13,FATAL,Tokyo,Hello-from-Tokyo
2021-02-50 12:46:13,DEBUG,Moscow,Hello-from-Moscow
2021-02-50 12:46:13,ERROR,Tokyo,Hello-from-Tokyo
2021-02-50 12:46:14,INFO,London,Hello-from-London
2021-02-50 12:46:14,WARN,Moscow,Hello-from-Moscow
2021-02-50 12:46:14,FATAL,London,Hello-from-London
2021-02-50 12:46:14,DEBUG,London,Hello-from-London
2021-02-50 12:46:14,ERROR,Beijing,Hello-from-Beijing
2021-02-50 12:46:15,INFO,Istanbul,Hello-from-Istanbul
2021-02-50 12:46:15,WARN,London,Hello-from-London
2021-02-50 12:46:15,FATAL,London,Hello-from-London
2021-02-50 12:46:15,DEBUG,Beijing,Hello-from-Beijing
2021-02-50 12:46:15,ERROR,Moscow,Hello-from-Moscow
2021-02-50 12:46:15,INFO,Moscow,Hello-from-Moscow
2021-02-50 12:46:15,WARN,Tokyo,Hello-from-Tokyo
2021-02-50 12:46:15,FATAL,London,Hello-from-London
2021-02-50 12:46:15,DEBUG,Tokyo,Hello-from-Tokyo
2021-02-50 12:46:15,ERROR,Moscow,Hello-from-Moscow
2021-02-50 12:46:16,INFO,Beijing,Hello-from-Beijing
2021-02-50 12:46:16,WARN,Tokyo,Hello-from-Tokyo
2021-02-50 12:46:16,FATAL,Istanbul,Hello-from-Istanbul
2021-02-50 12:46:16,DEBUG,London,Hello-from-London
2021-02-50 12:46:16,ERROR,Moscow,Hello-from-Moscow
2021-02-50 12:46:17,INFO,Istanbul,Hello-from-Istanbul
2021-02-50 12:46:17,WARN,Istanbul,Hello-from-Istanbul
2021-02-50 12:46:17,FATAL,Tokyo,Hello-from-Tokyo
2021-02-50 12:46:17,DEBUG,London,Hello-from-London
2021-02-50 12:46:17,ERROR,Tokyo,Hello-from-Tokyo
2021-02-50 12:46:18,INFO,Moscow,Hello-from-Moscow
2021-02-50 12:46:18,WARN,Istanbul,Hello-from-Istanbul
2021-02-50 12:46:18,FATAL,Istanbul,Hello-from-Istanbul
2021-02-50 12:46:18,DEBUG,London,Hello-from-London
2021-02-50 12:46:18,ERROR,Tokyo,Hello-from-Tokyo
2021-02-50 12:46:19,INFO,Istanbul,Hello-from-Istanbul
2021-02-50 12:46:19,WARN,Beijing,Hello-from-Beijing
2021-02-50 12:46:19,FATAL,Beijing,Hello-from-Beijing
2021-02-50 12:46:19,DEBUG,Moscow,Hello-from-Moscow
2021-02-50 12:46:19,ERROR,Moscow,Hello-from-Moscow
2021-02-50 12:46:19,INFO,Tokyo,Hello-from-Tokyo
2021-02-50 12:46:19,WARN,Tokyo,Hello-from-Tokyo
2021-02-50 12:46:19,FATAL,London,Hello-from-London
2021-02-50 12:46:19,DEBUG,Beijing,Hello-from-Beijing
2021-02-50 12:46:19,ERROR,London,Hello-from-London
2021-02-50 12:46:20,INFO,Tokyo,Hello-from-Tokyo
2021-02-50 12:46:20,WARN,London,Hello-from-London
2021-02-50 12:46:20,FATAL,Beijing,Hello-from-Beijing
2021-02-50 12:46:20,DEBUG,London,Hello-from-London
2021-02-50 12:46:20,ERROR,Tokyo,Hello-from-Tokyo
2021-02-50 12:46:21,INFO,Moscow,Hello-from-Moscow
2021-02-50 12:46:21,WARN,Tokyo,Hello-from-Tokyo
2021-02-50 12:46:21,FATAL,Moscow,Hello-from-Moscow
2021-02-50 12:46:21,DEBUG,Tokyo,Hello-from-Tokyo
2021-02-50 12:46:21,ERROR,Moscow,Hello-from-Moscow
2021-02-50 12:46:22,INFO,Tokyo,Hello-from-Tokyo
2021-02-50 12:46:22,WARN,Moscow,Hello-from-Moscow
2021-02-50 12:46:22,FATAL,Beijing,Hello-from-Beijing
2021-02-50 12:46:22,DEBUG,Moscow,Hello-from-Moscow
2021-02-50 12:46:22,ERROR,Moscow,Hello-from-Moscow
2021-02-50 12:46:23,INFO,Beijing,Hello-from-Beijing
2021-02-50 12:46:23,WARN,Moscow,Hello-from-Moscow
2021-02-50 12:46:23,FATAL,Tokyo,Hello-from-Tokyo
2021-02-50 12:46:23,DEBUG,London,Hello-from-London
2021-02-50 12:46:23,ERROR,Istanbul,Hello-from-Istanbul
2021-02-50 12:46:23,INFO,London,Hello-from-London
2021-02-50 12:46:23,WARN,Tokyo,Hello-from-Tokyo
2021-02-50 12:46:23,FATAL,Beijing,Hello-from-Beijing
2021-02-50 12:46:23,DEBUG,London,Hello-from-London
2021-02-50 12:46:23,ERROR,London,Hello-from-London
2021-02-50 12:46:24,INFO,Tokyo,Hello-from-Tokyo
2021-02-50 12:46:24,WARN,Beijing,Hello-from-Beijing
2021-02-50 12:46:24,FATAL,London,Hello-from-London
2021-02-50 12:46:24,DEBUG,Moscow,Hello-from-Moscow
2021-02-50 12:46:24,ERROR,Beijing,Hello-from-Beijing
2021-02-50 12:46:25,INFO,Beijing,Hello-from-Beijing
2021-02-50 12:46:25,WARN,Istanbul,Hello-from-Istanbul
2021-02-50 12:46:25,FATAL,Istanbul,Hello-from-Istanbul
2021-02-50 12:46:25,DEBUG,Beijing,Hello-from-Beijing
2021-02-50 12:46:25,ERROR,Istanbul,Hello-from-Istanbul
2021-02-50 12:46:26,INFO,Moscow,Hello-from-Moscow
2021-02-50 12:46:26,WARN,Moscow,Hello-from-Moscow
2021-02-50 12:46:26,FATAL,Tokyo,Hello-from-Tokyo
2021-02-50 12:46:26,DEBUG,London,Hello-from-London
2021-02-50 12:46:26,ERROR,Beijing,Hello-from-Beijing
2021-02-50 12:46:27,INFO,Beijing,Hello-from-Beijing
2021-02-50 12:46:27,WARN,Beijing,Hello-from-Beijing
2021-02-50 12:46:27,FATAL,Tokyo,Hello-from-Tokyo
2021-02-50 12:46:27,DEBUG,Tokyo,Hello-from-Tokyo
2021-02-50 12:46:27,ERROR,Moscow,Hello-from-Moscow
2021-02-50 12:46:27,INFO,London,Hello-from-London
2021-02-50 12:46:27,WARN,London,Hello-from-London
2021-02-50 12:46:27,FATAL,Istanbul,Hello-from-Istanbul
2021-02-50 12:46:27,DEBUG,London,Hello-from-London
2021-02-50 12:46:27,ERROR,Istanbul,Hello-from-Istanbul
2021-02-50 12:46:28,INFO,Moscow,Hello-from-Moscow
2021-02-50 12:46:28,WARN,Beijing,Hello-from-Beijing
2021-02-50 12:46:28,FATAL,London,Hello-from-London
2021-02-50 12:46:28,DEBUG,Beijing,Hello-from-Beijing
2021-02-50 12:46:28,ERROR,Tokyo,Hello-from-Tokyo
2021-02-50 12:46:29,INFO,Moscow,Hello-from-Moscow
2021-02-50 12:46:29,WARN,Moscow,Hello-from-Moscow
2021-02-50 12:46:29,FATAL,Beijing,Hello-from-Beijing
2021-02-50 12:46:29,DEBUG,London,Hello-from-London
2021-02-50 12:46:29,ERROR,Beijing,Hello-from-Beijing
2021-02-50 12:46:30,INFO,London,Hello-from-London
2021-02-50 12:46:30,WARN,Tokyo,Hello-from-Tokyo
2021-02-50 12:46:30,FATAL,Tokyo,Hello-from-Tokyo
2021-02-50 12:46:30,DEBUG,Tokyo,Hello-from-Tokyo
2021-02-50 12:46:30,ERROR,London,Hello-from-London
2021-02-50 12:46:31,INFO,Istanbul,Hello-from-Istanbul
2021-02-50 12:46:31,WARN,Tokyo,Hello-from-Tokyo
2021-02-50 12:46:31,FATAL,Beijing,Hello-from-Beijing
2021-02-50 12:46:31,DEBUG,Istanbul,Hello-from-Istanbul
2021-02-50 12:46:31,ERROR,Moscow,Hello-from-Moscow
2021-02-50 12:46:32,INFO,London,Hello-from-London
2021-02-50 12:46:32,WARN,Beijing,Hello-from-Beijing
2021-02-50 12:46:32,FATAL,Beijing,Hello-from-Beijing
2021-02-50 12:46:32,DEBUG,Istanbul,Hello-from-Istanbul
2021-02-50 12:46:32,ERROR,Beijing,Hello-from-Beijing
2021-02-50 12:46:32,INFO,London,Hello-from-London
2021-02-50 12:46:32,WARN,Beijing,Hello-from-Beijing
2021-02-50 12:46:32,FATAL,Moscow,Hello-from-Moscow
2021-02-50 12:46:32,DEBUG,London,Hello-from-London
2021-02-50 12:46:32,ERROR,Beijing,Hello-from-Beijing
2021-02-50 12:46:33,INFO,Tokyo,Hello-from-Tokyo
2021-02-50 12:46:33,WARN,Beijing,Hello-from-Beijing
2021-02-50 12:46:33,FATAL,Istanbul,Hello-from-Istanbul
2021-02-50 12:46:33,DEBUG,Tokyo,Hello-from-Tokyo
2021-02-50 12:46:33,ERROR,London,Hello-from-London
2021-02-50 12:46:34,INFO,Tokyo,Hello-from-Tokyo
2021-02-50 12:46:34,WARN,Tokyo,Hello-from-Tokyo
2021-02-50 12:46:34,FATAL,Beijing,Hello-from-Beijing
2021-02-50 12:46:34,DEBUG,London,Hello-from-London
2021-02-50 12:46:34,ERROR,Beijing,Hello-from-Beijing
2021-02-50 12:46:35,INFO,Tokyo,Hello-from-Tokyo
2021-02-50 12:46:35,WARN,Tokyo,Hello-from-Tokyo
2021-02-50 12:46:35,FATAL,Beijing,Hello-from-Beijing
2021-02-50 12:46:35,DEBUG,Beijing,Hello-from-Beijing
2021-02-50 12:46:35,ERROR,Istanbul,Hello-from-Istanbul
2021-02-50 12:46:36,INFO,Moscow,Hello-from-Moscow
2021-02-50 12:46:36,WARN,Istanbul,Hello-from-Istanbul
2021-02-50 12:46:36,FATAL,Beijing,Hello-from-Beijing
2021-02-50 12:46:36,DEBUG,Beijing,Hello-from-Beijing
2021-02-50 12:46:36,ERROR,Istanbul,Hello-from-Istanbul
2021-02-50 12:46:36,INFO,Moscow,Hello-from-Moscow
2021-02-50 12:46:36,WARN,London,Hello-from-London
2021-02-50 12:46:36,FATAL,Tokyo,Hello-from-Tokyo
2021-02-50 12:46:36,DEBUG,Moscow,Hello-from-Moscow
2021-02-50 12:46:36,ERROR,Moscow,Hello-from-Moscow
2021-02-50 12:46:37,INFO,Istanbul,Hello-from-Istanbul
2021-02-50 12:46:37,WARN,Istanbul,Hello-from-Istanbul
2021-02-50 12:46:37,FATAL,Beijing,Hello-from-Beijing
2021-02-50 12:46:37,DEBUG,Tokyo,Hello-from-Tokyo
2021-02-50 12:46:37,ERROR,Istanbul,Hello-from-Istanbul
2021-02-50 12:46:38,INFO,Moscow,Hello-from-Moscow
2021-02-50 12:46:38,WARN,Beijing,Hello-from-Beijing
2021-02-50 12:46:38,FATAL,London,Hello-from-London
2021-02-50 12:46:38,DEBUG,Beijing,Hello-from-Beijing
2021-02-50 12:46:38,ERROR,Tokyo,Hello-from-Tokyo
2021-02-50 12:46:39,INFO,Beijing,Hello-from-Beijing
2021-02-50 12:46:39,WARN,London,Hello-from-London
2021-02-50 12:46:39,FATAL,Beijing,Hello-from-Beijing
2021-02-50 12:46:39,DEBUG,Beijing,Hello-from-Beijing
2021-02-50 12:46:39,ERROR,Moscow,Hello-from-Moscow
2021-02-50 12:46:40,INFO,London,Hello-from-London
2021-02-50 12:46:40,WARN,Tokyo,Hello-from-Tokyo
2021-02-50 12:46:40,FATAL,Istanbul,Hello-from-Istanbul
2021-02-50 12:46:40,DEBUG,Moscow,Hello-from-Moscow
2021-02-50 12:46:40,ERROR,Istanbul,Hello-from-Istanbul
2021-02-50 12:46:40,INFO,Istanbul,Hello-from-Istanbul
2021-02-50 12:46:40,WARN,Beijing,Hello-from-Beijing
2021-02-50 12:46:40,FATAL,Beijing,Hello-from-Beijing
2021-02-50 12:46:40,DEBUG,Tokyo,Hello-from-Tokyo
2021-02-50 12:46:40,ERROR,London,Hello-from-London
2021-02-50 12:46:41,INFO,Beijing,Hello-from-Beijing
2021-02-50 12:46:41,WARN,London,Hello-from-London
2021-02-50 12:46:41,FATAL,Moscow,Hello-from-Moscow
2021-02-50 12:46:41,DEBUG,Beijing,Hello-from-Beijing
2021-02-50 12:46:41,ERROR,London,Hello-from-London
2021-02-50 12:46:42,INFO,Beijing,Hello-from-Beijing
2021-02-50 12:46:42,WARN,Istanbul,Hello-from-Istanbul
2021-02-50 12:46:42,FATAL,London,Hello-from-London
2021-02-50 12:46:42,DEBUG,London,Hello-from-London
2021-02-50 12:46:42,ERROR,Tokyo,Hello-from-Tokyo
2021-02-50 12:46:43,INFO,Istanbul,Hello-from-Istanbul
2021-02-50 12:46:43,WARN,Moscow,Hello-from-Moscow
2021-02-50 12:46:43,FATAL,Istanbul,Hello-from-Istanbul
2021-02-50 12:46:43,DEBUG,Istanbul,Hello-from-Istanbul
2021-02-50 12:46:43,ERROR,Istanbul,Hello-from-Istanbul
2021-02-50 12:46:44,INFO,Beijing,Hello-from-Beijing
2021-02-50 12:46:44,WARN,Beijing,Hello-from-Beijing
2021-02-50 12:46:44,FATAL,Beijing,Hello-from-Beijing
2021-02-50 12:46:44,DEBUG,London,Hello-from-London
2021-02-50 12:46:44,ERROR,Tokyo,Hello-from-Tokyo
2021-02-50 12:46:44,INFO,Tokyo,Hello-from-Tokyo
2021-02-50 12:46:44,WARN,Tokyo,Hello-from-Tokyo
2021-02-50 12:46:44,FATAL,Tokyo,Hello-from-Tokyo
2021-02-50 12:46:44,DEBUG,London,Hello-from-London
2021-02-50 12:46:44,ERROR,Istanbul,Hello-from-Istanbul
2021-02-50 12:46:45,INFO,Istanbul,Hello-from-Istanbul
2021-02-50 12:46:45,WARN,Moscow,Hello-from-Moscow
2021-02-50 12:46:45,FATAL,Istanbul,Hello-from-Istanbul
2021-02-50 12:46:45,DEBUG,Moscow,Hello-from-Moscow
2021-02-50 12:46:45,ERROR,London,Hello-from-London
2021-02-50 12:46:46,INFO,Beijing,Hello-from-Beijing
2021-02-50 12:46:46,WARN,Beijing,Hello-from-Beijing
2021-02-50 12:46:46,FATAL,Istanbul,Hello-from-Istanbul
2021-02-50 12:46:46,DEBUG,Tokyo,Hello-from-Tokyo
2021-02-50 12:46:46,ERROR,Tokyo,Hello-from-Tokyo
2021-02-50 12:46:47,INFO,Beijing,Hello-from-Beijing
2021-02-50 12:46:47,WARN,Istanbul,Hello-from-Istanbul
2021-02-50 12:46:47,FATAL,Moscow,Hello-from-Moscow
2021-02-50 12:46:47,DEBUG,Istanbul,Hello-from-Istanbul
2021-02-50 12:46:47,ERROR,Moscow,Hello-from-Moscow
2021-02-50 12:46:48,INFO,Istanbul,Hello-from-Istanbul
2021-02-50 12:46:48,WARN,Tokyo,Hello-from-Tokyo
2021-02-50 12:46:48,FATAL,Istanbul,Hello-from-Istanbul
2021-02-50 12:46:48,DEBUG,Istanbul,Hello-from-Istanbul
2021-02-50 12:46:48,ERROR,London,Hello-from-London
2021-02-50 12:46:48,INFO,London,Hello-from-London
2021-02-50 12:46:48,WARN,Beijing,Hello-from-Beijing
2021-02-50 12:46:48,FATAL,Tokyo,Hello-from-Tokyo
2021-02-50 12:46:48,DEBUG,Moscow,Hello-from-Moscow
2021-02-50 12:46:48,ERROR,Moscow,Hello-from-Moscow
2021-02-50 12:46:49,INFO,London,Hello-from-London
2021-02-50 12:46:49,WARN,London,Hello-from-London
2021-02-50 12:46:49,FATAL,Tokyo,Hello-from-Tokyo
2021-02-50 12:46:49,DEBUG,Beijing,Hello-from-Beijing
2021-02-50 12:46:49,ERROR,London,Hello-from-London
2021-02-50 12:46:50,INFO,Moscow,Hello-from-Moscow
2021-02-50 12:46:50,WARN,Moscow,Hello-from-Moscow
2021-02-50 12:46:50,FATAL,Moscow,Hello-from-Moscow
2021-02-50 12:46:50,DEBUG,Tokyo,Hello-from-Tokyo
2021-02-50 12:46:50,ERROR,Tokyo,Hello-from-Tokyo
2021-02-50 12:46:51,INFO,Istanbul,Hello-from-Istanbul
2021-02-50 12:46:51,WARN,Istanbul,Hello-from-Istanbul
2021-02-50 12:46:51,FATAL,Beijing,Hello-from-Beijing
2021-02-50 12:46:51,DEBUG,Beijing,Hello-from-Beijing
2021-02-50 12:46:51,ERROR,Beijing,Hello-from-Beijing
2021-02-50 12:46:52,INFO,Beijing,Hello-from-Beijing
2021-02-50 12:46:52,WARN,Tokyo,Hello-from-Tokyo
2021-02-50 12:46:52,FATAL,Tokyo,Hello-from-Tokyo
2021-02-50 12:46:52,DEBUG,Istanbul,Hello-from-Istanbul
2021-02-50 12:46:52,ERROR,London,Hello-from-London
2021-02-50 12:46:53,INFO,Istanbul,Hello-from-Istanbul
2021-02-50 12:46:53,WARN,Beijing,Hello-from-Beijing
2021-02-50 12:46:53,FATAL,Istanbul,Hello-from-Istanbul
2021-02-50 12:46:53,DEBUG,London,Hello-from-London
2021-02-50 12:46:53,ERROR,Tokyo,Hello-from-Tokyo
2021-02-50 12:46:53,INFO,Moscow,Hello-from-Moscow
2021-02-50 12:46:53,WARN,London,Hello-from-London
2021-02-50 12:46:53,FATAL,Moscow,Hello-from-Moscow
2021-02-50 12:46:53,DEBUG,Beijing,Hello-from-Beijing
2021-02-50 12:46:53,ERROR,Beijing,Hello-from-Beijing
2021-02-50 12:46:54,INFO,Moscow,Hello-from-Moscow
2021-02-50 12:46:54,WARN,Tokyo,Hello-from-Tokyo
2021-02-50 12:46:54,FATAL,Moscow,Hello-from-Moscow
2021-02-50 12:46:54,DEBUG,Moscow,Hello-from-Moscow
2021-02-50 12:46:54,ERROR,Moscow,Hello-from-Moscow
2021-02-50 12:46:55,INFO,Istanbul,Hello-from-Istanbul
2021-02-50 12:46:55,WARN,Istanbul,Hello-from-Istanbul
2021-02-50 12:46:55,FATAL,Istanbul,Hello-from-Istanbul
2021-02-50 12:46:55,DEBUG,London,Hello-from-London
2021-02-50 12:46:55,ERROR,London,Hello-from-London
2021-02-50 12:46:56,INFO,London,Hello-from-London
2021-02-50 12:46:56,WARN,Beijing,Hello-from-Beijing
2021-02-50 12:46:56,FATAL,London,Hello-from-London
2021-02-50 12:46:56,DEBUG,London,Hello-from-London
2021-02-50 12:46:56,ERROR,Beijing,Hello-from-Beijing
2021-02-50 12:46:57,INFO,London,Hello-from-London
2021-02-50 12:46:57,WARN,Istanbul,Hello-from-Istanbul
2021-02-50 12:46:57,FATAL,Moscow,Hello-from-Moscow
2021-02-50 12:46:57,DEBUG,Tokyo,Hello-from-Tokyo
2021-02-50 12:46:57,ERROR,Beijing,Hello-from-Beijing
2021-02-50 12:46:57,INFO,London,Hello-from-London
2021-02-50 12:46:57,WARN,Tokyo,Hello-from-Tokyo
2021-02-50 12:46:57,FATAL,Beijing,Hello-from-Beijing
2021-02-50 12:46:57,DEBUG,London,Hello-from-London
2021-02-50 12:46:57,ERROR,Moscow,Hello-from-Moscow
2021-02-50 12:46:58,INFO,London,Hello-from-London
2021-02-50 12:46:58,WARN,London,Hello-from-London
2021-02-50 12:46:58,FATAL,London,Hello-from-London
2021-02-50 12:46:58,DEBUG,Beijing,Hello-from-Beijing
2021-02-50 12:46:58,ERROR,Beijing,Hello-from-Beijing
2021-02-50 12:46:59,INFO,Istanbul,Hello-from-Istanbul
2021-02-50 12:46:59,WARN,Moscow,Hello-from-Moscow
2021-02-50 12:46:59,FATAL,Tokyo,Hello-from-Tokyo
2021-02-50 12:46:59,DEBUG,Tokyo,Hello-from-Tokyo
2021-02-50 12:46:59,ERROR,Istanbul,Hello-from-Istanbul
2021-02-50 12:47:00,INFO,Istanbul,Hello-from-Istanbul
2021-02-50 12:47:00,WARN,Beijing,Hello-from-Beijing
2021-02-50 12:47:00,FATAL,Istanbul,Hello-from-Istanbul
2021-02-50 12:47:00,DEBUG,Istanbul,Hello-from-Istanbul
2021-02-50 12:47:00,ERROR,London,Hello-from-London
2021-02-50 12:47:01,INFO,Istanbul,Hello-from-Istanbul
2021-02-50 12:47:01,WARN,Tokyo,Hello-from-Tokyo
2021-02-50 12:47:01,FATAL,London,Hello-from-London
2021-02-50 12:47:01,DEBUG,Beijing,Hello-from-Beijing
2021-02-50 12:47:01,ERROR,Istanbul,Hello-from-Istanbul
2021-02-50 12:47:02,INFO,Tokyo,Hello-from-Tokyo
2021-02-50 12:47:02,WARN,Beijing,Hello-from-Beijing
2021-02-50 12:47:02,FATAL,Moscow,Hello-from-Moscow
2021-02-50 12:47:02,DEBUG,Beijing,Hello-from-Beijing
2021-02-50 12:47:02,ERROR,London,Hello-from-London
2021-02-50 12:47:03,INFO,Istanbul,Hello-from-Istanbul
2021-02-50 12:47:03,WARN,Istanbul,Hello-from-Istanbul
2021-02-50 12:47:03,FATAL,Beijing,Hello-from-Beijing
2021-02-50 12:47:03,DEBUG,Tokyo,Hello-from-Tokyo
2021-02-50 12:47:03,ERROR,Tokyo,Hello-from-Tokyo
2021-02-50 12:47:03,INFO,Moscow,Hello-from-Moscow
2021-02-50 12:47:03,WARN,Tokyo,Hello-from-Tokyo
2021-02-50 12:47:03,FATAL,London,Hello-from-London
2021-02-50 12:47:03,DEBUG,Beijing,Hello-from-Beijing
2021-02-50 12:47:03,ERROR,London,Hello-from-London
2021-02-50 12:47:04,INFO,London,Hello-from-London
2021-02-50 12:47:04,WARN,Tokyo,Hello-from-Tokyo
2021-02-50 12:47:04,FATAL,Beijing,Hello-from-Beijing
2021-02-50 12:47:04,DEBUG,London,Hello-from-London
2021-02-50 12:47:04,ERROR,Moscow,Hello-from-Moscow
2021-02-50 12:47:05,INFO,Beijing,Hello-from-Beijing
2021-02-50 12:47:05,WARN,Istanbul,Hello-from-Istanbul
2021-02-50 12:47:05,FATAL,Tokyo,Hello-from-Tokyo
2021-02-50 12:47:05,DEBUG,London,Hello-from-London
2021-02-50 12:47:05,ERROR,Beijing,Hello-from-Beijing
2021-02-50 12:47:06,INFO,Beijing,Hello-from-Beijing
2021-02-50 12:47:06,WARN,Beijing,Hello-from-Beijing
2021-02-50 12:47:06,FATAL,Moscow,Hello-from-Moscow
2021-02-50 12:47:06,DEBUG,Tokyo,Hello-from-Tokyo
2021-02-50 12:47:06,ERROR,Istanbul,Hello-from-Istanbul
2021-02-50 12:47:07,INFO,Tokyo,Hello-from-Tokyo
2021-02-50 12:47:07,WARN,Moscow,Hello-from-Moscow
2021-02-50 12:47:07,FATAL,Tokyo,Hello-from-Tokyo
2021-02-50 12:47:07,DEBUG,London,Hello-from-London
2021-02-50 12:47:07,ERROR,Istanbul,Hello-from-Istanbul
2021-02-50 12:47:07,INFO,London,Hello-from-London
2021-02-50 12:47:07,WARN,Beijing,Hello-from-Beijing
2021-02-50 12:47:07,FATAL,Beijing,Hello-from-Beijing
2021-02-50 12:47:07,DEBUG,London,Hello-from-London
2021-02-50 12:47:07,ERROR,Beijing,Hello-from-Beijing
2021-02-50 12:47:08,INFO,Moscow,Hello-from-Moscow
2021-02-50 12:47:08,WARN,London,Hello-from-London
2021-02-50 12:47:08,FATAL,Moscow,Hello-from-Moscow
2021-02-50 12:47:08,DEBUG,Moscow,Hello-from-Moscow
2021-02-50 12:47:08,ERROR,Beijing,Hello-from-Beijing
2021-02-50 12:47:09,INFO,Moscow,Hello-from-Moscow
2021-02-50 12:47:09,WARN,London,Hello-from-London
2021-02-50 12:47:09,FATAL,Beijing,Hello-from-Beijing
2021-02-50 12:47:09,DEBUG,Tokyo,Hello-from-Tokyo
2021-02-50 12:47:09,ERROR,Tokyo,Hello-from-Tokyo
2021-02-50 12:47:10,INFO,Istanbul,Hello-from-Istanbul
2021-02-50 12:47:10,WARN,Istanbul,Hello-from-Istanbul
2021-02-50 12:47:10,FATAL,Moscow,Hello-from-Moscow
2021-02-50 12:47:10,DEBUG,London,Hello-from-London
2021-02-50 12:47:10,ERROR,Istanbul,Hello-from-Istanbul
2021-02-50 12:47:11,INFO,London,Hello-from-London
2021-02-50 12:47:11,WARN,Istanbul,Hello-from-Istanbul
2021-02-50 12:47:11,FATAL,London,Hello-from-London
2021-02-50 12:47:11,DEBUG,Moscow,Hello-from-Moscow
2021-02-50 12:47:11,ERROR,Moscow,Hello-from-Moscow
2021-02-50 12:47:11,INFO,Moscow,Hello-from-Moscow
2021-02-50 12:47:11,WARN,London,Hello-from-London
2021-02-50 12:47:11,FATAL,Moscow,Hello-from-Moscow
2021-02-50 12:47:11,DEBUG,Tokyo,Hello-from-Tokyo
2021-02-50 12:47:11,ERROR,London,Hello-from-London
2021-02-50 12:47:12,INFO,Moscow,Hello-from-Moscow
2021-02-50 12:47:12,WARN,Tokyo,Hello-from-Tokyo
2021-02-50 12:47:12,FATAL,Beijing,Hello-from-Beijing
2021-02-50 12:47:12,DEBUG,Istanbul,Hello-from-Istanbul
2021-02-50 12:47:12,ERROR,Tokyo,Hello-from-Tokyo
2021-02-50 12:47:13,INFO,Moscow,Hello-from-Moscow
2021-02-50 12:47:13,WARN,Moscow,Hello-from-Moscow
2021-02-50 12:47:13,FATAL,Istanbul,Hello-from-Istanbul
2021-02-50 12:47:13,DEBUG,London,Hello-from-London
2021-02-50 12:47:13,ERROR,Beijing,Hello-from-Beijing
2021-02-50 12:47:14,INFO,London,Hello-from-London
2021-02-50 12:47:14,WARN,Moscow,Hello-from-Moscow
2021-02-50 12:47:14,FATAL,Beijing,Hello-from-Beijing
2021-02-50 12:47:14,DEBUG,Moscow,Hello-from-Moscow
2021-02-50 12:47:14,ERROR,Beijing,Hello-from-Beijing
2021-02-50 12:47:15,INFO,Tokyo,Hello-from-Tokyo
2021-02-50 12:47:15,WARN,Istanbul,Hello-from-Istanbul
2021-02-50 12:47:15,FATAL,Istanbul,Hello-from-Istanbul
2021-02-50 12:47:15,DEBUG,Moscow,Hello-from-Moscow
2021-02-50 12:47:15,ERROR,London,Hello-from-London
2021-02-50 12:47:15,INFO,Beijing,Hello-from-Beijing
2021-02-50 12:47:15,WARN,Moscow,Hello-from-Moscow
2021-02-50 12:47:15,FATAL,Istanbul,Hello-from-Istanbul
2021-02-50 12:47:15,DEBUG,London,Hello-from-London
2021-02-50 12:47:15,ERROR,Beijing,Hello-from-Beijing
2021-02-50 12:47:16,INFO,Beijing,Hello-from-Beijing
2021-02-50 12:47:16,WARN,Moscow,Hello-from-Moscow
2021-02-50 12:47:16,FATAL,Istanbul,Hello-from-Istanbul
2021-02-50 12:47:16,DEBUG,Beijing,Hello-from-Beijing
2021-02-50 12:47:16,ERROR,London,Hello-from-London
2021-02-50 12:47:17,INFO,Istanbul,Hello-from-Istanbul
2021-02-50 12:47:17,WARN,Beijing,Hello-from-Beijing
2021-02-50 12:47:17,FATAL,Beijing,Hello-from-Beijing
2021-02-50 12:47:17,DEBUG,Tokyo,Hello-from-Tokyo
2021-02-50 12:47:17,ERROR,Moscow,Hello-from-Moscow
2021-02-50 12:47:18,INFO,Istanbul,Hello-from-Istanbul
2021-02-50 12:47:18,WARN,Tokyo,Hello-from-Tokyo
2021-02-50 12:47:18,FATAL,Istanbul,Hello-from-Istanbul
2021-02-50 12:47:18,DEBUG,Moscow,Hello-from-Moscow
2021-02-50 12:47:18,ERROR,Moscow,Hello-from-Moscow
2021-02-50 12:47:19,INFO,Istanbul,Hello-from-Istanbul
2021-02-50 12:47:19,WARN,Moscow,Hello-from-Moscow
2021-02-50 12:47:19,FATAL,London,Hello-from-London
2021-02-50 12:47:19,DEBUG,Beijing,Hello-from-Beijing
2021-02-50 12:47:19,ERROR,London,Hello-from-London
2021-02-50 12:47:19,INFO,London,Hello-from-London
2021-02-50 12:47:19,WARN,Beijing,Hello-from-Beijing
2021-02-50 12:47:19,FATAL,Beijing,Hello-from-Beijing
2021-02-50 12:47:19,DEBUG,Istanbul,Hello-from-Istanbul
2021-02-50 12:47:19,ERROR,Moscow,Hello-from-Moscow
2021-02-50 12:47:20,INFO,Beijing,Hello-from-Beijing
2021-02-50 12:47:20,WARN,Beijing,Hello-from-Beijing
2021-02-50 12:47:20,FATAL,Moscow,Hello-from-Moscow
2021-02-50 12:47:20,DEBUG,Tokyo,Hello-from-Tokyo
2021-02-50 12:47:20,ERROR,Tokyo,Hello-from-Tokyo
2021-02-50 12:47:21,INFO,London,Hello-from-London
2021-02-50 12:47:21,WARN,Beijing,Hello-from-Beijing
2021-02-50 12:47:21,FATAL,Beijing,Hello-from-Beijing
2021-02-50 12:47:21,DEBUG,Beijing,Hello-from-Beijing
2021-02-50 12:47:21,ERROR,Tokyo,Hello-from-Tokyo
2021-02-50 12:47:22,INFO,Tokyo,Hello-from-Tokyo
2021-02-50 12:47:22,WARN,Moscow,Hello-from-Moscow
2021-02-50 12:47:22,FATAL,London,Hello-from-London
2021-02-50 12:47:22,DEBUG,Moscow,Hello-from-Moscow
2021-02-50 12:47:22,ERROR,Beijing,Hello-from-Beijing
2021-02-50 12:47:23,INFO,Beijing,Hello-from-Beijing
2021-02-50 12:47:23,WARN,Tokyo,Hello-from-Tokyo
2021-02-50 12:47:23,FATAL,London,Hello-from-London
2021-02-50 12:47:23,DEBUG,Beijing,Hello-from-Beijing
2021-02-50 12:47:23,ERROR,Istanbul,Hello-from-Istanbul
2021-02-50 12:47:24,INFO,Beijing,Hello-from-Beijing
2021-02-50 12:47:24,WARN,Istanbul,Hello-from-Istanbul
2021-02-50 12:47:24,FATAL,London,Hello-from-London
2021-02-50 12:47:24,DEBUG,Tokyo,Hello-from-Tokyo
2021-02-50 12:47:24,ERROR,London,Hello-from-London
2021-02-50 12:47:24,INFO,Moscow,Hello-from-Moscow
2021-02-50 12:47:24,WARN,Istanbul,Hello-from-Istanbul
2021-02-50 12:47:24,FATAL,Tokyo,Hello-from-Tokyo
2021-02-50 12:47:24,DEBUG,London,Hello-from-London
2021-02-50 12:47:24,ERROR,Tokyo,Hello-from-Tokyo
2021-02-50 12:47:25,INFO,Istanbul,Hello-from-Istanbul
2021-02-50 12:47:25,WARN,Tokyo,Hello-from-Tokyo
2021-02-50 12:47:25,FATAL,London,Hello-from-London
2021-02-50 12:47:25,DEBUG,Istanbul,Hello-from-Istanbul
2021-02-50 12:47:25,ERROR,Moscow,Hello-from-Moscow
2021-02-50 12:47:26,INFO,Beijing,Hello-from-Beijing
2021-02-50 12:47:26,WARN,Tokyo,Hello-from-Tokyo
2021-02-50 12:47:26,FATAL,Beijing,Hello-from-Beijing
2021-02-50 12:47:26,DEBUG,Tokyo,Hello-from-Tokyo
2021-02-50 12:47:26,ERROR,London,Hello-from-London
2021-02-50 12:47:27,INFO,Tokyo,Hello-from-Tokyo
2021-02-50 12:47:27,WARN,London,Hello-from-London
2021-02-50 12:47:27,FATAL,Beijing,Hello-from-Beijing
2021-02-50 12:47:27,DEBUG,Tokyo,Hello-from-Tokyo
2021-02-50 12:47:27,ERROR,Beijing,Hello-from-Beijing
2021-02-50 12:47:28,INFO,London,Hello-from-London
2021-02-50 12:47:28,WARN,Istanbul,Hello-from-Istanbul
2021-02-50 12:47:28,FATAL,Istanbul,Hello-from-Istanbul
2021-02-50 12:47:28,DEBUG,London,Hello-from-London
2021-02-50 12:47:28,ERROR,Moscow,Hello-from-Moscow
